<?xml version="1.0" encoding="UTF-8"?>
<Configuration status="DEBUG">
	<Properties>
		<Property name="log-path">/Apps/logs</Property>
		<Property name="PATTERN">%d{yyyy-MM-dd HH:mm:ss} %c{1} [%p] %m%n</Property>
	</Properties>

	<!-- Appender de console -->
	<Appenders>
		<Console name="CONSOLE" target="SYSTEM_OUT">
			<PatternLayout pattern="${PATTERN}" />
		</Console>

		<RollingFile name="logging_Robot" fileName="${log-path}/logging_robot.log"
			filePattern="${log-path}/logging_robot-%d{yyyy-MM-dd.HH}.log">

			<PatternLayout pattern="${PATTERN}" />

			<Policies>
				<TimeBasedTriggeringPolicy />
				<SizeBasedTriggeringPolicy size="100 MB" />
			</Policies>
			
			<DefaultRolloverStrategy max="4">
				<Delete basePath="${log-path}" maxDepth="2">
					<IfFileName glob="*/logging_robot-*.log">
						<IfLastModified age="30d">
							<IfAny>
                				<IfAccumulatedFileCount exceeds="10" />
              				</IfAny>
						</IfLastModified>
					</IfFileName>
				</Delete>
			</DefaultRolloverStrategy>
		</RollingFile>

		<RollingFile name="logging_EmersonCallable" fileName="${log-path}/logging_emerson.log"
			filePattern="${log-path}/logging_emerson-%d{yyyy-MM-dd.HH}.log">

			<PatternLayout pattern="${PATTERN}" />

			<Policies>
				<TimeBasedTriggeringPolicy />
				<SizeBasedTriggeringPolicy size="100 MB" />
			</Policies>
			
			<DefaultRolloverStrategy max="4">
				<Delete basePath="${log-path}" maxDepth="2">
					<IfFileName glob="*/logging_emerson-*.log">
						<IfLastModified age="30d">
							<IfAny>
                				<IfAccumulatedFileCount exceeds="10" />
              				</IfAny>
						</IfLastModified>
					</IfFileName>
				</Delete>
			</DefaultRolloverStrategy>
		</RollingFile>
		
	<RollingFile name="logging_DanfossCallable" fileName="${log-path}/logging_danfoss.log"
			filePattern="${log-path}/logging_danfoss-%d{yyyy-MM-dd.HH}.log">

			<PatternLayout pattern="${PATTERN}" />

			<Policies>
				<TimeBasedTriggeringPolicy />
				<SizeBasedTriggeringPolicy size="100 MB" />
			</Policies>
			
			<DefaultRolloverStrategy max="4">
				<Delete basePath="${log-path}" maxDepth="2">
					<IfFileName glob="*/logging_danfoss-*.log">
						<IfLastModified age="30d">
							<IfAny>
                				<IfAccumulatedFileCount exceeds="10" />
              				</IfAny>
						</IfLastModified>
					</IfFileName>
				</Delete>
			</DefaultRolloverStrategy>
		</RollingFile>
		
			<RollingFile name="logging_DanfossInvalidCallable" fileName="${log-path}/logging_danfossinvalid.log"
			filePattern="${log-path}/logging_danfossinvalid-%d{yyyy-MM-dd.HH}.log">

			<PatternLayout pattern="${PATTERN}" />

			<Policies>
				<TimeBasedTriggeringPolicy />
				<SizeBasedTriggeringPolicy size="100 MB" />
			</Policies>
			
			<DefaultRolloverStrategy max="4">
				<Delete basePath="${log-path}" maxDepth="2">
					<IfFileName glob="*/logging_danfossinvalid-*.log">
						<IfLastModified age="30d">
							<IfAny>
                				<IfAccumulatedFileCount exceeds="10" />
              				</IfAny>
						</IfLastModified>
					</IfFileName>
				</Delete>
			</DefaultRolloverStrategy>
		</RollingFile>
		
		<RollingFile name="logging_HoneywellOpusCallable" fileName="${log-path}/logging_honeywellopus.log"
			filePattern="${log-path}/logging_honeywellopus-%d{yyyy-MM-dd.HH}.log">

			<PatternLayout pattern="${PATTERN}" />

			<Policies>
				<TimeBasedTriggeringPolicy />
				<SizeBasedTriggeringPolicy size="100 MB" />
			</Policies>
			
			<DefaultRolloverStrategy max="4">
				<Delete basePath="${log-path}" maxDepth="2">
					<IfFileName glob="*/logging_honeywellopus-*.log">
						<IfLastModified age="30d">
							<IfAny>
                				<IfAccumulatedFileCount exceeds="10" />
              				</IfAny>
						</IfLastModified>
					</IfFileName>
				</Delete>
			</DefaultRolloverStrategy>
		</RollingFile>
		
		<RollingFile name="logging_HoneywellIscopeCallable" fileName="${log-path}/logging_honeywelliscope.log"
			filePattern="${log-path}/logging_honeywelliscope-%d{yyyy-MM-dd.HH}.log">

			<PatternLayout pattern="${PATTERN}" />

			<Policies>
				<TimeBasedTriggeringPolicy />
				<SizeBasedTriggeringPolicy size="100 MB" />
			</Policies>
			
			<DefaultRolloverStrategy max="4">
				<Delete basePath="${log-path}" maxDepth="2">
					<IfFileName glob="*/logging_honeywelliscope-*.log">
						<IfLastModified age="30d">
							<IfAny>
                				<IfAccumulatedFileCount exceeds="10" />
              				</IfAny>
						</IfLastModified>
					</IfFileName>
				</Delete>
			</DefaultRolloverStrategy>
		</RollingFile>
		
		<RollingFile name="logging_SemaforoCallable" fileName="${log-path}/logging_semaforo.log"
			filePattern="${log-path}/logging_semaforo-%d{yyyy-MM-dd.HH}.log">

			<PatternLayout pattern="${PATTERN}" />

			<Policies>
				<TimeBasedTriggeringPolicy />
				<SizeBasedTriggeringPolicy size="100 MB" />
			</Policies>
			
			<DefaultRolloverStrategy max="4">
				<Delete basePath="${log-path}" maxDepth="2">
					<IfFileName glob="*/logging_semaforo-*.log">
						<IfLastModified age="30d">
							<IfAny>
                				<IfAccumulatedFileCount exceeds="10" />
              				</IfAny>
						</IfLastModified>
					</IfFileName>
				</Delete>
			</DefaultRolloverStrategy>
		</RollingFile>
		
		<RollingFile name="logging_PingCallable" fileName="${log-path}/logging_ping.log"
			filePattern="${log-path}/logging_ping-%d{yyyy-MM-dd.HH}.log">

			<PatternLayout pattern="${PATTERN}" />

			<Policies>
				<TimeBasedTriggeringPolicy />
				<SizeBasedTriggeringPolicy size="100 MB" />
			</Policies>
			
			<DefaultRolloverStrategy max="4">
				<Delete basePath="${log-path}" maxDepth="2">
					<IfFileName glob="*/logging_ping-*.log">
						<IfLastModified age="30d">
							<IfAny>
                				<IfAccumulatedFileCount exceeds="10" />
              				</IfAny>
						</IfLastModified>
					</IfFileName>
				</Delete>
			</DefaultRolloverStrategy>
		</RollingFile>
		
		<RollingFile name="logging_DailyEmailCallable" fileName="${log-path}/logging_dailyemail.log"
			filePattern="${log-path}/logging_dailyemail-%d{yyyy-MM-dd.HH}.log">

			<PatternLayout pattern="${PATTERN}" />

			<Policies>
				<TimeBasedTriggeringPolicy />
				<SizeBasedTriggeringPolicy size="100 MB" />
			</Policies>
			
			<DefaultRolloverStrategy max="4">
				<Delete basePath="${log-path}" maxDepth="2">
					<IfFileName glob="*/logging_dailyemail-*.log">
						<IfLastModified age="30d">
							<IfAny>
                				<IfAccumulatedFileCount exceeds="10" />
              				</IfAny>
						</IfLastModified>
					</IfFileName>
				</Delete>
			</DefaultRolloverStrategy>
		</RollingFile>
		
		<RollingFile name="logging_HoneywellIscopeTask" fileName="${log-path}/logging_honeywelliscopetask.log"
			filePattern="${log-path}/logging_honeywelliscopetask-%d{yyyy-MM-dd.HH}.log">

			<PatternLayout pattern="${PATTERN}" />

			<Policies>
				<TimeBasedTriggeringPolicy />
				<SizeBasedTriggeringPolicy size="100 MB" />
			</Policies>
			
			<DefaultRolloverStrategy max="4">
				<Delete basePath="${log-path}" maxDepth="2">
					<IfFileName glob="*/logging_honeywelliscopetask-*.log">
						<IfLastModified age="30d">
							<IfAny>
                				<IfAccumulatedFileCount exceeds="10" />
              				</IfAny>
						</IfLastModified>
					</IfFileName>
				</Delete>
			</DefaultRolloverStrategy>
		</RollingFile>
		
		<RollingFile name="logging_GenericTask" fileName="${log-path}/logging_generictask.log"
			filePattern="${log-path}/logging_generictask-%d{yyyy-MM-dd.HH}.log">

			<PatternLayout pattern="${PATTERN}" />

			<Policies>
				<TimeBasedTriggeringPolicy />
				<SizeBasedTriggeringPolicy size="40 MB" />
			</Policies>
			
			<DefaultRolloverStrategy max="4">
				<Delete basePath="${log-path}" maxDepth="2">
					<IfFileName glob="*/logging_generictask-*.log">
						<IfLastModified age="30d">
							<IfAny>
                				<IfAccumulatedFileCount exceeds="10" />
              				</IfAny>
						</IfLastModified>
					</IfFileName>
				</Delete>
			</DefaultRolloverStrategy>
		</RollingFile>
	</Appenders>

	<Loggers>
		<Root level="INFO">
			<AppenderRef ref="CONSOLE" />
		</Root>

		<logger name="br.com.walmart.dashboard.robot.DashboardRobot" level="DEBUG">
			<AppenderRef ref="logging_Robot" />
		</logger>
		
		<logger name="br.com.walmart.dashboard.robot.callable.EmersonCallable" level="DEBUG">
			<AppenderRef ref="logging_EmersonCallable" />
		</logger>
		
		<logger name="br.com.walmart.dashboard.robot.callable.DanfossCallable" level="DEBUG">
			<AppenderRef ref="logging_DanfossCallable" />
		</logger>
		
		<logger name="br.com.walmart.dashboard.robot.callable.DanfossInvalidCallable" level="DEBUG">
			<AppenderRef ref="logging_DanfossInvalidCallable" />
		</logger>

		<logger name="br.com.walmart.dashboard.robot.callable.HoneywellOpusCallable" level="DEBUG">
			<AppenderRef ref="logging_HoneywellOpusCallable" />
		</logger>
		
		<logger name="br.com.walmart.dashboard.robot.callable.HoneywellIscopeCallable" level="DEBUG">
			<AppenderRef ref="logging_HoneywellIscopeCallable" />
		</logger>
		
		<logger name="br.com.walmart.dashboard.robot.callable.SemaforoCallable" level="DEBUG">
			<AppenderRef ref="logging_SemaforoCallable" />
		</logger>

		<logger name="br.com.walmart.dashboard.robot.callable.PingCallable" level="DEBUG">
			<AppenderRef ref="logging_PingCallable" />
		</logger>		

		<logger name="br.com.walmart.dashboard.robot.callable.DailyEmailCallable" level="DEBUG">
			<AppenderRef ref="logging_DailyEmailCallable" />
		</logger>			
		
		<logger name="br.com.walmart.dashboard.robot.task.HoneywellIscopeTask" level="DEBUG">
			<AppenderRef ref="logging_HoneywellIscopeTask" />
		</logger>				
		
		<logger name="br.com.walmart.dashboard.robot.task.GenericTask" level="DEBUG">
			<AppenderRef ref="logging_GenericTask" />
		</logger>		
	</Loggers>
</Configuration>